检验指标,A样本量,B样本量,A人均消费,B人均消费,绝对差异,提升率,差异95%CI下限,差异95%CI上限,Cohen_d,t统计量,p值,显著
用户总消费（99% Winsorize）,832,839,2628.087326923077,2750.37952681764,122.29219989456305,0.04653277638142295,-336.8974927774223,581.4818925665484,0.02555613007250259,-0.5223598423948702,0.6014891348640231,False
