category,订单量,用户数,GMV,净销售额,净利润,退货率,平均评分,营销成本,客单价,利润率,ROI
电脑办公,698,545,3374791.61,3185587.97,1058467.14,0.06017191977077364,4.439828080229226,19812.54,4834.945,0.3322674338200743,53.4241010996066
服饰运动,1038,728,520307.09,401361.72,20713.43,0.1926782273603083,4.167630057803469,38413.66,501.25923892100195,0.051607886272761645,0.5392204231515559
数码配件,735,555,296764.03,268185.1,50584.95,0.08435374149659863,4.285714285714286,22074.1,403.7605850340136,0.18861953926597713,2.29159739241917
生活用品,1141,777,162105.3,151287.58,2381.97,0.051709027169149865,4.373356704645048,35211.42,142.07300613496932,0.015744650023485074,0.0676476552209482
美妆个护,718,554,113886.4,98817.83,-375.73999999999984,0.13509749303621169,4.3008356545961,20503.43,158.61615598885794,-0.0038023502438780513,-0.01832571428292729
食品饮料,810,599,83533.74,80011.46,-4453.38,0.04938271604938271,4.38641975308642,24689.94,103.12807407407408,-0.05565927680859716,-0.18037224877824734
图书文具,844,633,33047.88,31321.04,-28060.09,0.054502369668246446,4.401658767772512,29684.83,39.156255924170615,-0.895886279638224,-0.94526699327569
