模型,验证集AUC,测试集AUC,测试集PR_AUC,阈值,Precision,Recall,F1,TN,FP,FN,TP
逻辑回归,0.7473016729627632,0.750691446303292,0.2783510080180661,0.42000000000000004,0.16049382716049382,0.7155963302752294,0.26218487394957984,680,408,31,78
随机森林,0.732781300593632,0.727081084727469,0.26705406695906264,0.4,0.19808306709265175,0.5688073394495413,0.2938388625592417,837,251,47,62
