abc_class,products,revenue,quantity,orders,revenue_share
A,739,12163424.19,6027087,424373,0.7000610770851647
B,1094,3475530.77,2573139,209876,0.2000328013133966
C,3453,1735849.308,1913726,134618,0.09990612160143844
