k,inertia,silhouette
2,8588.985343295875,0.4386023012270002
3,6354.235217312423,0.34703462592874096
4,4921.0668820221945,0.36530350219579266
5,4099.106078778312,0.3424961358761568
6,3554.696268860983,0.3347964327358149
7,3189.9668205514427,0.3017107061997286
