cluster,customers,recency,frequency,monetary,segment
0,1192,27.463087248322147,19.299496644295303,10755.651658557048,核心高价值
3,1465,228.3235494880546,5.0866894197952215,1957.154285324232,稳定贡献
2,1249,28.42674139311449,3.034427542033627,848.3773674939952,成长潜力
1,1972,395.8894523326572,1.3803245436105476,318.05939705882355,待唤醒
