cluster,用户数,R,F,M,用户分群,价值分
2,339,27.289085545722713,7.404129793510324,7440.450707964602,高价值用户,4.2124402394382106
1,335,27.698507462686567,3.005970149253731,785.0333731343284,潜力用户,-0.11470522113747539
3,560,197.2107142857143,3.3392857142857144,3034.665,低价值用户,-0.7675900677987669
0,437,270.12356979405035,1.366132723112128,228.2029290617849,沉睡用户,-3.3301449505019685
