risk_level,订单数,退货数,实际退货率,平均风险分
低风险,441,11,0.024943310657596373,0.19695115405664707
中风险,411,28,0.0681265206812652,0.3805274579420388
高风险,345,70,0.2028985507246377,0.6837775993746056
